PROV,KAB_KOT,JUM_PEN,LUAS_WILAYAH_KM2,PDRB_TOTAL_MILYAR,TOTAL_BTS,HLS_AVG
Aceh,Aceh Barat,206800,2782.87,14828.76,499,14.99
Aceh,Aceh Barat Daya,154997,1882.28,5788.24,326,14.275
Aceh,Aceh Besar,439048,2891.48,19555.16,1822,15.21
Aceh,Aceh Jaya,100674,3872.35,3878.75,205,14.15
Aceh,Aceh Selatan,238021,4175.38,8035.17,461,14.8
Aceh,Aceh Singkil,138792,1852.82,3744.49,312,14.285
Aceh,Aceh Tamiang,310483,2187.66,12005.78,640,14.41
Aceh,Aceh Tengah,230771,4468.42,11503.56,362,15.01
Aceh,Aceh Tenggara,233627,4179.12,7230.21,260,14.685
Aceh,Aceh Timur,454723,5409.41,15720.96,858,13.02
Aceh,Aceh Utara,633633,2705.26,30809.53,1316,14.88
Aceh,Bener Meriah,179006,1907.4,7053.89,280,13.96
Aceh,Bireuen,462836,1796.99,19823.76,1292,15.11
Aceh,Gayo Lues,106136,5541.29,3799.99,131,14.695
Aceh,Banda Aceh,262962,56.77,27963.46,1382,17.99
Aceh,Langsa,182616,224.24,7723.06,464,15.93
Aceh,Lhokseumawe,197339,132.97,12720.91,618,15.645
Aceh,Sabang,42717,122.06,1973.97,167,15.09
Aceh,Subulussalam,105553,1183.6,2988.08,199,15.16
Aceh,Nagan Raya,179108,3524.16,13307.88,367,14.235
Aceh,Pidie,448131,3177.49,15561.75,1071,14.65
Aceh,Pidie Jaya,165080,939,5014.53,408,15.095
Aceh,Simeulue,96510,1821.75,3437.91,183,14.67
Bali,Badung,532500,398.75,81663.17,3872,14.375
Bali,Bangli,259392,526.76,9155,635,12.715
Bali,Buleleng,826193,1322.75,45120.51,1711,13.4
Bali,Gianyar,507746,364.36,36116.87,1741,14.135
Bali,Jembrana,329353,849.13,18236.31,852,13.11
Bali,Karangasem,536477,839.32,21804.41,1066,12.915
Bali,Klungkung,222763,313.96,12003.73,586,13.55
Bali,Denpasar,670210,125.87,71099.12,3910,14.18
Bali,Tabanan,476472,849.31,29983.84,1408,13.38
Banten,Cilegon,476867,162.51,148562.63,1413,14.065
Banten,Kota Serang,743748,265.79,108865.89,1817,13.19
Banten,Kota Tangerang,1927815,178.35,199839.37,5642,12.92
Banten,Tangerang Selatan,1429529,164.86,119858.7,5333,14.69
Banten,Lebak,1506378,3312.18,40576.64,2430,12.145
Banten,Pandeglang,1413897,2771.41,38754.23,2379,13.84
Banten,Serang,1756816,1469.66,108865.89,3311,13.19
Banten,Tangerang,3373149,1027.76,199839.37,8351,12.92
Bengkulu,Bengkulu Selatan,176459,1220.21,8507.58,302,13.95
Bengkulu,Bengkulu Tengah,125263,1132.3,7175.14,271,13.58
Bengkulu,Bengkulu Utara,307507,4481.99,13676.46,718,12.995
Bengkulu,Kaur,135182,2608.91,5390.27,222,13.26
Bengkulu,Kepahiang,155520,749.39,6858.36,239,13.675
Bengkulu,Bengkulu,394192,150.31,35724.28,1199,13.93
Bengkulu,Lebong,114774,1666.62,4931.15,179,12.89
Bengkulu,Mukomuko,203525,4138.68,8306.43,453,13.5538888888889
Bengkulu,Rejang Lebong,287248,1548.99,14026.51,549,14.22
Bengkulu,Seluma,215354,2432.81,6851.38,390,13.485
Yogyakarta,Bantul,976573,511.71,39170.71,2429,15.825
Yogyakarta,GunungKidul,776584,1477.39,28869.98,1323,16.30875
Yogyakarta,Kota Yogyakarta,415021,32.82,52848.54,1140,17.615
Yogyakarta,Kulon Progo,444516,577.22,17929.51,906,14.995
Yogyakarta,Sleman,1118353,574.73,69114.42,3509,16.8
Jakarta Raya,Kepulauan Seribu,30414,10.73,7451.41,128,13.4063189170847
Jakarta Raya,Jakarta Barat,2578352,125,670134.94,7639,13.4063189170847
Jakarta Raya,Jakarta Pusat,1072639,47.56,985621.24,5962,13.4063189170847
Jakarta Raya,Jakarta Selatan,2359008,144.94,907809.26,10576,13.4063189170847
Jakarta Raya,Jakarta Timur,3254977,185.54,674156.6,8013,13.4063189170847
Jakarta Raya,Jakarta Utara,1839801,147.46,713972.45,6095,13.4063189170847
Gorontalo,Boalemo,152098,1831.05,7505.21,203,12.585
Gorontalo,Bone Bolango,173416,1889,6488.8,462,14.085
Gorontalo,Gorontalo,421699,2160.36,18504.77,945,13.37
Gorontalo,Gorontalo Utara,131338,1724.4,4783.8,227,12.885
Gorontalo,Kota Gorontalo,203812,70.93,18504.77,863,13.37
Gorontalo,Pohuwato,161727,4370.17,9500.96,214,13.259
Jambi,Batang Hari,306652,5371.23,28604.4,693,13.286
Jambi,Bungo,376913,4596.3,29288.06,998,13.005
Jambi,Kerinci,270576,3445.2,15810.23,451,14.225
Jambi,Jambi,641022,169.89,47102.89,2117,13.43
Jambi,Sungai Penuh,101716,364.92,11078.92,160,15.02
Jambi,Merangin,393299,7540.12,27872.46,847,12.525
Jambi,Muaro Jambi,449751,5459.23,43945.36,1434,13.495
Jambi,Sarolangun,310287,5935.89,24648.62,546,12.795
Jambi,Tanjung Jabung B,334316,5546.06,61822.99,706,12.89
Jambi,Tanjung Jabung T,243796,4313.18,30804.34,490,12.315
Jambi,Tebo,367251,6266.71,24823.83,769,13.16
Jawa Barat,Bandung,3773104,1740.84,179920.82,6635,12.86
Jawa Barat,Bandung Barat,1878507,1283.44,65913.62,3672,12.255
Jawa Barat,Bekasi,3289743,1251.02,451511.53,8473,13.285
Jawa Barat,Bogor,5664537,2991.78,336363.58,12359,12.82
Jawa Barat,Ciamis,1293235,1595.94,46592.84,2411,14.505
Jawa Barat,Cianjur,2584735,3631.92,69317.96,4257,12.41
Jawa Barat,Cirebon,2452563,1071.95,73956.62,3947,12.725
Jawa Barat,Garut,2790435,3101.24,85999.21,4435,12.52
Jawa Barat,Indramayu,1947720,2076.06,114662.65,3363,12.455
Jawa Barat,Karawang,2572553,1913.71,337246.76,6208,12.29
Jawa Barat,Kota Bandung,2579837,166.59,179920.82,7347,12.86
Jawa Barat,Banjar,209182,131.01,5945.71,488,13.445
Jawa Barat,Kota Bekasi,2526133,213.04,451511.53,6817,13.285
Jawa Barat,Kota Bogor,1137018,111.37,336363.58,2506,12.82
Jawa Barat,Cimahi,579906,42.43,46684.22,1107,14.07
Jawa Barat,Kota Cirebon,354679,39.44,73956.62,868,12.725
Jawa Barat,Depok,1967831,199.91,101213.64,5413,14.285
Jawa Barat,Kota Sukabumi,367457,48.31,95380.66,864,12.515
Jawa Barat,Kota Tasikmalaya,761080,183.94,54303.99,1433,12.97
Jawa Barat,Kuningan,1235854,1192.9,41955.26,2201,12.8
Jawa Barat,Majalengka,1364891,1330.17,50566.15,2357,12.5
Jawa Barat,Pangandaran,445158,1128.18,16758.24,914,12.39
Jawa Barat,Purwakarta,1052093,993.09,94835.09,2583,12.53
Jawa Barat,Subang,1649618,2165.55,58570.13,3415,12.425
Jawa Barat,Sukabumi,2821619,4164.15,95380.66,4824,12.515
Jawa Barat,Sumedang,1216309,1566.2,50991.94,2490,13.45
Jawa Barat,Tasikmalaya,1973411,2705.86,54303.99,2760,12.97
Jawa Tengah,Banjarnegara,1068347,1144.9,31351.51,1157,12.035
Jawa Tengah,Banyumas,1864665,1391.15,79803.56,2664,13.55
Jawa Tengah,Batang,849686,857.27,33370.61,1294,12.235
Jawa Tengah,Blora,925434,1957.29,35239.01,1202,12.91
Jawa Tengah,Boyolali,1110346,1096.59,48841.47,1887,13.135
Jawa Tengah,Brebes,2059458,1742.81,66309.53,2431,12.685
Jawa Tengah,Cilacap,2037899,2323.9,142706.51,2949,12.91
Jawa Tengah,Demak,1250863,977.77,38778.51,1571,13.465
Jawa Tengah,Grobogan,1517987,2023.85,40143.91,2002,13.245
Jawa Tengah,Jepara,1275501,1020.57,43448.83,2075,13.025
Jawa Tengah,Karanganyar,952132,803.05,55089,1648,13.625
Jawa Tengah,Kebumen,1441425,1334.1,41520.57,1748,13.505
Jawa Tengah,Kendal,1093046,1008.12,64590.8,1713,13.205
Jawa Tengah,Klaten,1300142,698.27,58434.97,2050,13.54
Jawa Tengah,Kota Magelang,128591,18.56,46981.5,278,12.955
Jawa Tengah,Kota Pekalongan,318182,46.2,32684.21,555,12.74
Jawa Tengah,Salatiga,198372,54.98,19384.47,508,15.5
Jawa Tengah,Kota Semarang,1699585,370,70391.63,4943,13.225
Jawa Tengah,Surakarta,588419,46.72,68789.17,1525,15.055
Jawa Tengah,Kota Tegal,293818,39.07,51416.47,474,13.095
Jawa Tengah,Kudus,874796,447.44,132316.91,1514,13.54
Jawa Tengah,Magelang,1337411,1129.98,46981.5,1851,12.955
Jawa Tengah,Pati,1379022,1572.9,63627.13,1925,13.095
Jawa Tengah,Pekalongan,1026546,892.91,32684.21,1337,12.74
Jawa Tengah,Pemalang,1588826,1137.41,37496.54,1805,12.14
Jawa Tengah,Purbalingga,1053565,805.76,36070.88,1225,12.18
Jawa Tengah,Purworejo,809121,1081.97,26483.56,1198,13.64
Jawa Tengah,Rembang,662787,1037.54,27709.76,1023,12.48
Jawa Tengah,Semarang,1085196,1019.27,70391.63,2119,13.225
Jawa Tengah,Sragen,1021435,994.57,56179.21,1385,13.1
Jawa Tengah,Sukoharjo,913950,493.53,53489.29,2006,14.29
Jawa Tengah,Tegal,1727497,983.9,51416.47,2207,13.095
Jawa Tengah,Temanggung,820736,864.83,31204.37,981,12.71
Jawa Tengah,Wonogiri,1063902,1905.74,42816.58,1627,12.71
Jawa Tengah,Wonosobo,942199,1011.62,26743.57,923,12.05
Jawa Timur,Bangkalan,1024581,1301.03,30704.31,2172,12.12
Jawa Timur,Banyuwangi,1785316,3593.06,118367.44,2567,13.27
Jawa Timur,Blitar,1257701,1754.21,51192.98,1770,12.86
Jawa Timur,Bojonegoro,1365109,2313.6,104969.98,1788,13.11
Jawa Timur,Bondowoso,784552,1554.99,28564.52,851,13.465
Jawa Timur,Gresik,1309168,1253.18,202004.47,2613,14.07
Jawa Timur,Jember,2605922,3313.45,110981.91,3070,13.585
Jawa Timur,Jombang,1374577,1109.84,58192.08,2153,13.665
Jawa Timur,Kediri,1688468,1523.45,58721.19,2494,13.72
Jawa Timur,Batu,223601,194.17,23682.06,557,14.575
Jawa Timur,Kota Blitar,160539,33.2,51192.98,300,12.86
Jawa Timur,Kota Kediri,300456,67.23,58721.19,630,13.72
Jawa Timur,Kota Madiun,201854,36.13,27482.74,484,13.5
Jawa Timur,Kota Malang,885271,111.08,150228,2379,13.58
Jawa Timur,Kota Mojokerto,141633,20.22,122609.1,321,13.15
Jawa Timur,Kota Pasuruan,213198,39,218782.55,384,12.94
Jawa Timur,Kota Probolinggo,243054,54.68,49412.13,407,12.83
Jawa Timur,Surabaya,3017382,335.28,830543.35,7877,14.925
Jawa Timur,Lamongan,1365408,1752.32,56106.14,1919,13.93
Jawa Timur,Lumajang,1112977,1797.1,46492.44,1490,12.48
Jawa Timur,Madiun,739230,1113.63,27482.74,1192,13.5
Jawa Timur,Magetan,692298,706.44,26371.69,1076,14.185
Jawa Timur,Malang,2727371,3464.5,150228,3951,13.58
Jawa Timur,Mojokerto,1152913,984.64,122609.1,1967,13.15
Jawa Timur,Nganjuk,1148611,1289.07,39070.26,1599,13.45
Jawa Timur,Ngawi,905663,1395.8,27750.13,1393,13.24
Jawa Timur,Pacitan,594071,1433.6,22510.01,841,12.795
Jawa Timur,Pamekasan,889798,795.15,24303.86,1514,13.85
Jawa Timur,Pasuruan,1640738,1491.66,218782.55,2359,12.94
Jawa Timur,Ponorogo,977724,1418.62,28989.92,1306,13.835
Jawa Timur,Probolinggo,1190453,1724.51,49412.13,1352,12.83
Jawa Timur,Sampang,1007272,1228.25,26234.54,1486,12.49
Jawa Timur,Sidoarjo,2002830,726.53,319245.71,4875,15.23
Jawa Timur,Situbondo,688525,1653.57,28974.88,943,13.365
Jawa Timur,Sumenep,1140957,2084.02,48799.39,1538,13.605
Jawa Timur,Trenggalek,757444,1249.23,26249,1007,12.705
Jawa Timur,Tuban,1261691,1972.92,92538.34,1912,12.795
Jawa Timur,Tulungagung,1136572,1144.53,55403.25,1550,13.685
Kalimantan Barat,Bengkayang,294399,5488.61,13324.48,656,12.36
Kalimantan Barat,Kapuas Hulu,274915,31318.25,15561.58,668,12.5
Kalimantan Barat,Kayong Utara,127346,4110.12,6382.19,291,12.275
Kalimantan Barat,Ketapang,581859,30018.68,44678.1,1454,12.13
Kalimantan Barat,Kota Pontianak,682896,118.21,55426.78,1998,15.195
Kalimantan Barat,Singkawang,247924,550.19,15177.83,778,13.135
Kalimantan Barat,Kubu Raya,632949,8549.29,44902.98,1440,14.105
Kalimantan Barat,Landak,412263,8430.71,16278.61,661,12.765
Kalimantan Barat,Melawi,215508,10122.51,7817.04,383,11.505
Kalimantan Barat,Pontianak,313046,1935.42,13837.04,689,13.18
Kalimantan Barat,Sambas,648307,5938,30966.25,1406,13.08
Kalimantan Barat,Sanggau,497023,12452.22,29429.42,1302,12.04
Kalimantan Barat,Sekadau,223500,5979.04,10281.26,479,12.195
Kalimantan Barat,Sintang,446255,22025.79,22556.66,1140,12.425
Kalimantan Selatan,Balangan,137603,1878.3,22942.05,352,13.45
Kalimantan Selatan,Banjar,584684,4668,5945.71,1745,13.445
Kalimantan Selatan,Barito Kuala,326736,2996.46,12199.11,746,12.76
Kalimantan Selatan,Hulu Sungai Selatan,238413,1804.94,10620.48,557,12.975
Kalimantan Selatan,Hulu Sungai Tengah,269599,1472,10194.43,577,12.585
Kalimantan Selatan,Hulu Sungai Utara,237049,892.7,7160.07,457,13.55
Kalimantan Selatan,Banjar Baru,278318,371,15505.28,1175,13.0470833333333
Kalimantan Selatan,Banjarmasin,679637,72,49471.89,1885,14.125
Kalimantan Selatan,Kota Baru,331403,9482.73,40064.39,909,12.255
Kalimantan Selatan,Tabalong,264694,3766.97,34197.79,785,13.315
Kalimantan Selatan,Tanah Bumbu,351327,5006.96,38332.07,1172,12.825
Kalimantan Selatan,Tanah Laut,366757,3631.35,22772.9,1263,12.75
Kalimantan Selatan,Tapin,200122,2700.82,15330.95,565,12.53
Kalimantan Tengah,Barito Selatan,136856,8830,9378.75,342,13.075
Kalimantan Tengah,Barito Timur,118021,3834,11304.92,288,12.86
Kalimantan Tengah,Barito Utara,158514,8300,14586.66,360,12.835
Kalimantan Tengah,Gunung Mas,132675,10805,10726.92,393,12.44
Kalimantan Tengah,Kapuas,416300,14999,27038.83,909,13.125
Kalimantan Tengah,Katingan,179950,17500,12745.77,585,13.055
Kalimantan Tengah,Palangka Raya,310182,2853.12,28273.64,1264,12.7184615384615
Kalimantan Tengah,Kotawaringin Barat,288850,10759,34636.56,1206,12.93
Kalimantan Tengah,Kotawaringin Timur,443033,16796,42104.86,1800,12.925
Kalimantan Tengah,Lamandau,112441,6414,8852.38,269,12.515
Kalimantan Tengah,Murung Raya,120824,23700,12378.36,252,12.19
Kalimantan Tengah,Pulang Pisau,142925,8997,8257.92,450,12.785
Kalimantan Tengah,Seruyan,158282,16404,13684.53,618,12.28
Kalimantan Tengah,Sukamara,66118,3827,7066.1,196,12.325
Kalimantan Timur,Berau,238214,21917.59,51306.61,779,13.78
Kalimantan Timur,Balikpapan,727655,533,169316.6,2682,14.445
Kalimantan Timur,Bontang,185928,509.93,70789.05,580,13.775
Kalimantan Timur,Samarinda,834824,716.78,106624.81,2953,15.495
Kalimantan Timur,Kutai Barat,165938,13829.69,41406.45,587,13.4
Kalimantan Timur,Kutai Kartanegara,734485,26867.51,210653.44,2593,13.945
Kalimantan Timur,Kutai Timur,424334,31585.67,152913.83,1383,13.2
Kalimantan Timur,Mahakam Ulu,35010,18427.81,4122.25,105,13.055
Kalimantan Timur,Paser,277401,10715.59,56999.99,1003,13.425
Kalimantan Timur,Penajam Paser Utara,181349,3178.52,25525.6,622,12.95
Kalimantan Utara,Bulungan,168116,12984.41,27606.37,463,13.295
Kalimantan Utara,Tarakan,252924,250.98,59829.36,755,14.18
Kalimantan Utara,Malinau,86471,38914.71,18842.47,381,13.675
Kalimantan Utara,Nunukan,223922,13555.95,42735.54,707,12.835
Kalimantan Utara,Tana Tidung,29291,3506.05,9759.98,104,12.8
Bangka Belitung,Bangka,335292,3016.85,21896.44,1027,13.3
Bangka Belitung,Bangka Barat,216238,2851.41,21406.32,663,11.995
Bangka Belitung,Bangka Selatan,213877,3598.24,13087.97,617,11.975
Bangka Belitung,Bangka Tengah,209117,2259.98,12935.8,667,12.64
Bangka Belitung,Belitung,191252,2270.71,15243.01,815,12.115
Bangka Belitung,Belitung Timur,132121,2588.82,11978.07,514,11.95
Bangka Belitung,Pangkal Pinang,239730,104.54,20361.26,778,13.51
Kepulauan Riau,Bintan,178826,1320.84,33013.28,786,13.775
Kepulauan Riau,Karimun,272391,930.45,19945.96,848,12.84
Kepulauan Riau,Kepulauan Anambas,50703,626.98,20123.5,170,13.175
Kepulauan Riau,Batam,1294548,1034.76,253639.82,4149,13.505
Kepulauan Riau,Tanjungpinang,237580,147.03,26638.82,736,14.415
Kepulauan Riau,Lingga,101978,2214.63,5953.28,338,12.845
Kepulauan Riau,Natuna,84017,1999.18,24416.56,314,14
Lampung,Bandar Lampung,1073451,183.72,85979.57,2894,14.75
Lampung,Metro,180281,73.21,9185.2,471,15.045
Lampung,Lampung Barat,312376,2116.01,10773.02,600,12.39
Lampung,Lampung Selatan,1109649,2218.84,65658.66,2328,12.7
Lampung,Lampung Tengah,1385711,4548.93,105453.48,2545,13.175
Lampung,Lampung Timur,1118440,3867.43,60936.45,1980,13.105
Lampung,Lampung Utara,672594,2656.39,34459.78,1297,12.885
Lampung,Mesuji,239826,2200.51,15436.94,403,12.01
Lampung,Pesawaran,494183,1279.6,23446.54,783,12.75
Lampung,Pesisir Barat,175769,2993.8,6679.74,360,12.37
Lampung,Pringsewu,442049,614.97,16414.57,728,13.265
Lampung,Tanggamus,638652,2901.98,22724.73,875,12.37
Lampung,Tulangbawang,436038,3107.47,33239.21,817,12.9782142857143
Lampung,Tulang Bawang Barat,310637,1281.45,16862.32,562,12.295
Lampung,Way Kanan,493071,3531.1,21004.54,931,12.585
Maluku,Buru,141361,4915.57,3348.3,302,13.575
Maluku,Buru Selatan,80288,3678.7,1989.95,134,13.03
Maluku,Kepulauan Aru,111561,8097.01,5123.71,257,12.66
Maluku,Maluku Tenggara Barat,131368,4430.25,3844.22,257,13.7625
Maluku,Ambon,357289,236.66,21016.49,911,16.19
Maluku,Tual,91275,235.38,3603.92,98,14.45
Maluku,Maluku Barat Daya,95746,4551.68,3437.34,235,13.015
Maluku,Maluku Tengah,431308,8253.92,12194.1,601,14.695
Maluku,Maluku Tenggara,129235,1016.64,4669.57,153,13.085
Maluku,Seram Bagian Barat,216093,5009.66,4330.02,307,13.665
Maluku,Seram Bagian Timur,139777,5725.45,3773.4,259,13.26
Maluku Utara,Halmahera Barat,138673,2243.44,3169.6,193,13.28
Maluku Utara,Halmahera Selatan,256968,8087.03,30766.41,605,13.06
Maluku Utara,Halmahera Tengah,99647,2276.94,54961.04,145,13.66
Maluku Utara,Halmahera Timur,99224,6484.41,8316.9,200,13.245
Maluku Utara,Halmahera Utara,204419,3404.57,7843.97,269,13.775
Maluku Utara,Kepulauan Sula,100391,3304.32,3617.08,129,13.19
Maluku Utara,Ternate,207781,162.2,16572.43,402,15.94
Maluku Utara,Tidore Kepulauan,120605,1703.32,4078.61,195,14.775
Maluku Utara,Pulau Morotai,81860,2337.33,2195.22,141,13.15
Maluku Utara,Pulau Taliabu,65291,2985.75,2276.72,133,12.955
Nusa Tenggara Barat,Bima,541319,4216.32,15612.85,922,13.5
Nusa Tenggara Barat,Dompu,270664,2281.75,9705.25,614,14.18
Nusa Tenggara Barat,Kota Bima,163824,207.97,15612.85,354,13.5
Nusa Tenggara Barat,Mataram,459683,60.42,26069.8,1569,15.705
Nusa Tenggara Barat,Lombok Barat,748580,923.06,20583.19,1624,14.085
Nusa Tenggara Barat,Lombok Tengah,1106619,1169.52,24165.32,2292,13.995
Nusa Tenggara Barat,Lombok Timur,1427856,1607.31,28234.56,2536,14.145
Nusa Tenggara Barat,Lombok Utara,268186,811.19,6371.54,660,13.215
Nusa Tenggara Barat,Sumbawa,526008,6655.92,19753.29,1498,13.38
Nusa Tenggara Barat,Sumbawa Barat,153575,1743.58,37349.02,493,13.905
Nusa Tenggara Timur,Alor,226646,2928.56,4290.08,439,12.575
Nusa Tenggara Timur,Belu,231452,1127.25,6434.01,434,12.47
Nusa Tenggara Timur,Ende,282467,2085.29,8587.42,484,13.965
Nusa Tenggara Timur,Flores Timur,291412,1748.61,6977.95,430,13.15
Nusa Tenggara Timur,Kota Kupang,455502,152.59,10927.01,1235,13.905
Nusa Tenggara Timur,Kupang,390210,5143.36,10927.01,979,13.905
Nusa Tenggara Timur,Lembata,148055,1268.1,2462.84,262,12.675
Nusa Tenggara Timur,Malaka,204735,1107.64,4049.81,288,12.78
Nusa Tenggara Timur,Manggarai,342558,1344.03,6379.84,477,13.915
Nusa Tenggara Timur,Manggarai Barat,282943,3129,5002.2,551,12.655
Nusa Tenggara Timur,Manggarai Timur,297967,2389.53,4591.58,290,12.765
Nusa Tenggara Timur,Nagekeo,165098,1396.16,3052.17,232,12.885
Nusa Tenggara Timur,Ngada,171865,1735.64,4775.89,287,12.765
Nusa Tenggara Timur,Rote Ndao,152613,1286.71,4335.48,286,13.22
Nusa Tenggara Timur,Sabu Raijua,96313,460.98,1921.99,83,13.305
Nusa Tenggara Timur,Sikka,340916,1675.36,7299.29,534,13.805
Nusa Tenggara Timur,Sumba Barat,141782,720.69,3250.46,158,13.485
Nusa Tenggara Timur,Sumba Barat Daya,340006,1393.4,5287.21,291,13.3
Nusa Tenggara Timur,Sumba Tengah,91531,1816.28,1664.63,101,13.275
Nusa Tenggara Timur,Sumba Timur,269728,6985.33,8518.15,496,13.015
Nusa Tenggara Timur,Timor Tengah Selatan,477808,3934.67,10961.27,542,13.645
Nusa Tenggara Timur,Timor Tengah Utara,274104,2623.2,5527.98,446,13.53
Papua,Asmat,116993,24996.91,3682.97,246,13.4322222222222
Papua,Biak Numfor,149476,2230.46,6853.8,344,14.25
Papua,Boven Digoel,70400,23031.72,6176.65,219,13.4322222222222
Papua,Deiyai,92399,3088.48,1842.83,66,13.4322222222222
Papua,Dogiyai,116333,4197.01,1727.31,40,13.4322222222222
Papua,Intan Jaya,137339,5574.7,1552.98,2,13.4322222222222
Papua,Jayapura,203152,13950.04,21530.02,441,14.725
Papua,Jayawijaya,275772,2722.45,12162.37,297,13.4322222222222
Papua,Keerom,70823,8375.99,3794.78,197,12.625
Papua,Kepulauan Yapen,115648,2429.03,5533.05,203,13.205
Papua,Kota Jayapura,404351,832.88,21530.02,932,14.725
Papua,Lanny Jaya,203524,2844.48,2760.62,203,13.4322222222222
Papua,Mamberamo Raya,40449,29043.07,2419.65,76,12.09
Papua,Mamberamo Tengah,49508,4053.13,1670.68,59,13.4322222222222
Papua,Mappi,112071,24012.96,4108.58,274,13.4322222222222
Papua,Merauke,246397,45792.33,21751.97,613,13.4322222222222
Papua,Mimika,315995,18387.4,131079.58,693,13.4322222222222
Papua,Nabire,178006,11545.4,16117.65,361,13.4322222222222
Papua,Nduga,111597,5199.43,1735.68,40,13.4322222222222
Papua,Paniai,124835,4869.18,5633.33,79,13.4322222222222
Papua,Pegunungan Bintang,114151,14902.58,2740.12,227,13.4322222222222
Papua,Puncak,177617,7826.68,1866.7,11,13.4322222222222
Papua,Puncak Jaya,219995,5002.39,1785.74,205,13.4322222222222
Papua,Sarmi,44200,12906.49,4038.74,136,12.875
Papua,Supiori,27159,690.65,1311.97,80,13.395
Papua,Tolikara,251661,3664.06,2307.79,304,13.4322222222222
Papua,Waropen,38189,10590.69,2598.74,126,13
Papua,Yahukimo,355612,16377.81,3435.11,48,13.4322222222222
Papua,Yalimo,104913,3628.73,1848.41,126,13.4322222222222
Papua Barat,Fakfak,92850,9862.9,6564.6,173,12.4816666666667
Papua Barat,Kaimana,64140,17907.39,3200.22,98,12.515
Papua Barat,Kota Sorong,286028,205.27,13402.13,484,12.4816666666667
Papua Barat,Manokwari,204106,2957.97,12043.05,541,13.93
Papua Barat,Manokwari Selatan,38305,1837.1,1066.12,92,13.045
Papua Barat,Maybrat,46604,5553.46,899.8,235,12.4816666666667
Papua Barat,Pegunungan Arfak,40680,3578.18,385.06,50,10.64
Papua Barat,Raja Ampat,72865,7442.31,4309.74,204,12.4816666666667
Papua Barat,Sorong,129669,7564.62,13402.13,367,12.4816666666667
Papua Barat,Sorong Selatan,56979,6642.08,2454.25,235,12.4816666666667
Papua Barat,Tambrauw,31041,11759.79,331.27,157,12.4816666666667
Papua Barat,Teluk Bintuni,83074,19347.26,57214.58,341,12.745
Papua Barat,Teluk Wondama,46755,4847.34,1923.45,144,12.015
Riau,Bengkalis,671725,8616.36,174750.27,2005,13.73
Riau,Indragiri Hilir,705041,13521.26,104690.77,1479,12.555
Riau,Indragiri Hulu,482445,7871.85,65628.37,1216,12.84
Riau,Kampar,876767,10352.8,126481.81,2673,13.845
Riau,Kepulauan Meranti,211913,3623.56,29591.83,426,12.965
Riau,Dumai,349389,2059.61,57696.15,1130,13.525
Riau,Pekanbaru,1138530,638.33,184531.85,4239,15.85
Riau,Kuantan Singingi,360581,5457.86,58465.42,955,13.45
Riau,Pelalawan,434590,13262.11,85023.15,1263,12.83
Riau,Rokan Hilir,670692,9068.46,108128.34,1776,13.09
Riau,Rokan Hulu,579685,7658.15,65285.04,1265,13.23
Riau,Siak,487673,7805.54,131784.01,1479,13.145
Sulawesi Barat,Majene,188780,908.47,7050.45,400,14.03
Sulawesi Barat,Mamasa,167066,2950.15,4089.68,176,12.75
Sulawesi Barat,Mamuju,286699,4979.89,17537.18,546,13.305
Sulawesi Barat,Mamuju Utara,143274,2774.93,5190.3,230,12.935
Sulawesi Barat,Pasangkayu,184905,2903.18,18418.4,387,13.337
Sulawesi Barat,Polewali Mandar,490029,2072.81,19306.48,909,13.665
Sulawesi Selatan,Bantaeng,214098,395.96,14247.82,426,12.9
Sulawesi Selatan,Barru,195385,1202.16,10740.51,538,13.855
Sulawesi Selatan,Bone,822763,4571.03,54209.29,1943,13.1
Sulawesi Selatan,Bulukumba,475405,1170.71,21625.16,1084,13.435
Sulawesi Selatan,Enrekang,232865,1821.53,11341.4,437,14.165
Sulawesi Selatan,Gowa,806908,1811.38,34196.68,1857,13.82
Sulawesi Selatan,Jeneponto,422267,797.5,14441.63,810,12.285
Sulawesi Selatan,Kepulauan Selayar,142464,1180.52,8958.66,274,13.265
Sulawesi Selatan,Makassar,1477861,177.96,261375.69,5515,13.4697619047619
Sulawesi Selatan,Palopo,180518,250.64,11787.5,632,15.065
Sulawesi Selatan,Parepare,161599,89.69,10624.01,554,13.4697619047619
Sulawesi Selatan,Luwu,383198,3048.49,24699.39,840,13.455
Sulawesi Selatan,Luwu Timur,316000,6965.81,31649.16,840,13.37
Sulawesi Selatan,Luwu Utara,334276,7518.71,22042,634,12.705
Sulawesi Selatan,Maros,404979,1435.04,29910.42,1188,13.545
Sulawesi Selatan,Pangkajene Dan Kepulauan,360004,889.01,37972.39,827,13.4697619047619
Sulawesi Selatan,Pinrang,420493,1884.36,28756.99,1009,13.34
Sulawesi Selatan,Sidenreng Rappang,330198,1790.31,21727.93,1027,13.195
Sulawesi Selatan,Sinjai,274439,864.72,17618.2,455,13.63
Sulawesi Selatan,Soppeng,241364,1370.41,17397.8,681,13.45
Sulawesi Selatan,Takalar,329997,554.78,14390.57,730,12.79
Sulawesi Selatan,Tana Toraja,258257,2088.87,10923.13,473,14.41
Sulawesi Selatan,Toraja Utara,264277,1196.13,14288.46,518,13.585
Sulawesi Selatan,Wajo,410729,2628.44,28755.53,982,13.5
Sulawesi Tengah,Banggai,374896,8252.88,44528.03,862,13.375
Sulawesi Tengah,Banggai Kepulauan,129171,2384.99,5887.34,185,13.045
Sulawesi Tengah,Banggai Laut,77395,688.24,3530.44,117,13.135
Sulawesi Tengah,Buol,160493,3702.7,8652.51,196,13.84
Sulawesi Tengah,Donggala,316037,5126.59,18222.02,587,12.79
Sulawesi Tengah,Palu,389959,356.35,35129.83,1493,16.54
Sulawesi Tengah,Morowali,190449,4399.67,188862.05,1061,13.525
Sulawesi Tengah,Morowali Utara,150634,8599.35,37856.79,312,12.665
Sulawesi Tengah,Parigi Moutong,459566,5805.61,25512.38,986,12.565
Sulawesi Tengah,Poso,252652,7438.55,13817.09,589,13.93
Sulawesi Tengah,Sigi,270189,5208.17,13589.21,689,13.265
Sulawesi Tengah,TojoUna-Una,172465,5572.86,8035.37,354,13.5159090909091
Sulawesi Tengah,Toli-Toli,241224,3701.54,11900.53,332,13.5159090909091
Sulawesi Tenggara,Bombana,166134,3294.91,9754.81,362,12.245
Sulawesi Tenggara,Buton,121720,1677.24,5575.58,169,14.17
Sulawesi Tenggara,Buton Selatan,102426,517.63,4110.74,83,13.385
Sulawesi Tenggara,Buton Tengah,120420,853.09,3415.06,154,13.71
Sulawesi Tenggara,Buton Utara,73766,1752.24,4569.87,69,13.425
Sulawesi Tenggara,Kolaka,252003,2958.92,40885.81,534,13.46
Sulawesi Tenggara,Kolaka Timur,129598,3992.53,6541.92,176,12.72
Sulawesi Tenggara,Kolaka Utara,142001,2932.25,13243.64,285,12.4
Sulawesi Tenggara,Konawe,267139,5352.38,24076.6,717,13.16
Sulawesi Tenggara,Konawe Kepulauan,43545,705.71,2177.84,85,12.695
Sulawesi Tenggara,Konawe Selatan,326944,4235.06,19224.78,703,13.06
Sulawesi Tenggara,Konawe Utara,81355,4217.19,6164.67,186,13.155
Sulawesi Tenggara,Bau-Bau,162377,289.82,12969.72,326,13.45
Sulawesi Tenggara,Kendari,355665,268.47,32128.56,1535,16.955
Sulawesi Tenggara,Muna,231980,1888.02,10090.13,389,14.245
Sulawesi Tenggara,Muna Barat,90010,772.63,3766.14,103,12.81
Sulawesi Tenggara,Wakatobi,118434,450.46,6494.66,158,13.605
Sulawesi Utara,Bolaang Mongondow,255896,3269.3,12539.06,499,12.09
Sulawesi Utara,Bolaang Mongondow Selatan,75374,1796.07,3222.31,191,12.365
Sulawesi Utara,Bolaang Mongondow Timur,91051,859.98,4643.86,164,12.255
Sulawesi Utara,Bolaang Mongondow Utara,87627,1644.39,3861.01,185,12.7
Sulawesi Utara,Kepulauan Sangihe,137450,607.69,6798.69,193,12.925
Sulawesi Utara,Siau Tagulandang Biaro,70723,218.21,3705.94,120,13.1317857142857
Sulawesi Utara,Kepulauan Talaud,100645,1011.87,3398.5,139,12.99
Sulawesi Utara,Bitung,214724,329.72,27403.71,699,12.835
Sulawesi Utara,Kotamobagu,121189,108.89,5646.99,347,13.435
Sulawesi Utara,Manado,464808,162.29,57496.65,2313,14.5
Sulawesi Utara,Tomohon,103213,169.06,6386.85,322,14.325
Sulawesi Utara,Minahasa,329391,1128.47,26178.62,1113,14.375
Sulawesi Utara,Minahasa Selatan,242463,1456.69,13730.75,538,13.085
Sulawesi Utara,Minahasa Tenggara,120858,753.08,7994.48,260,12.725
Sulawesi Utara,Minahasa Utara,227713,995.56,22365.81,843,13.24
Sumatera Barat,Agam,532178,2226.27,29599.64,1303,14.53
Sumatera Barat,Dharmasraya,240159,2920.93,15399.82,723,13.02
Sumatera Barat,Kepulauan Mentawai,96570,5983.22,6590.78,149,13.135
Sumatera Barat,Bukittinggi,140089,24.17,12420.04,385,15.17
Sumatera Barat,Padang,939851,694.34,88987.41,2957,16.65
Sumatera Barat,Padang Panjang,63386,23.56,5067.66,159,15.86
Sumatera Barat,Pariaman,102765,64.77,7284.82,284,15.155
Sumatera Barat,Payakumbuh,147963,74.55,9812.97,417,14.805
Sumatera Barat,Sawahlunto,68516,231.95,5441.23,175,14.2588888888889
Sumatera Barat,Kota Solok,83907,58.72,19412.79,209,13.685
Sumatera Barat,Lima Puluh Kota,400795,3273.41,22486.38,887,13.635
Sumatera Barat,Padang Pariaman,457532,1342.27,27793.21,1075,14.485
Sumatera Barat,Pasaman,312363,3902.44,12909.78,454,13.885
Sumatera Barat,Pasaman Barat,449677,3852.99,23014.44,941,13.795
Sumatera Barat,Pesisir Selatan,531494,6045.65,20357.36,1113,13.785
Sumatera Barat,Sijunjung,245936,3150.58,13536.75,480,13.21
Sumatera Barat,Solok,411053,3590.4,19412.79,835,13.685
Sumatera Barat,Solok Selatan,181869,3282.14,8157.2,327,13.325
Sumatera Barat,Tanah Datar,382333,1377.19,18472.04,895,14.845
Sumatera Selatan,BanyuAsin,866909,12480.08,43763.6,2298,12.687
Sumatera Selatan,Empat Lawang,336158,2321.34,7381.15,321,12.27
Sumatera Selatan,Lubuklinggau,245287,367.73,9386.8,521,12.687
Sumatera Selatan,Pagar Alam,151943,634.35,4170.93,267,13.645
Sumatera Selatan,Palembang,1781672,364.9,226466.13,4702,14.435
Sumatera Selatan,Prabumulih,211395,477.09,11336.75,533,13.6
Sumatera Selatan,Lahat,444891,4238.39,32401.65,883,12.75
Sumatera Selatan,Muara Enim,645250,6803.01,128196.33,1416,12.025
Sumatera Selatan,Musi Banyuasin,720545,14293.7,98937.71,1812,12.36
Sumatera Selatan,Musi Rawas,425148,6124.58,27232.74,821,12.515
Sumatera Selatan,Musi Rawas Utara,201490,5940.62,10072.6,336,12.26
Sumatera Selatan,Ogan Ilir,443361,2270.17,16324.27,902,12.495
Sumatera Selatan,Ogan Komering Ilir,786703,17037.93,50960.56,1980,12.005
Sumatera Selatan,Ogan Komering Ulu,387348,3763.96,22256.88,860,12.89
Sumatera Selatan,Ogan Komering Ulu Selatan,422566,4378.72,12801.41,494,12.165
Sumatera Selatan,Ogan Komering Ulu Timur,690282,3430.21,22541.51,1372,12.64
Sumatera Selatan,Penukal Abab Lematang Ilir,212220,1842.56,10339.89,337,12.25
Sumatera Utara,Asahan,797101,3737.83,63144.24,1846,13.095
Sumatera Utara,Batu Bara,465286,888.14,51388.29,901,13.175
Sumatera Utara,Dairi,329341,2083.6,13617.06,665,13.48
Sumatera Utara,Deli Serdang,2046862,2581.23,162247.88,5574,13.695
Sumatera Utara,Humbang Hasundutan,209317,2351.51,8831.08,448,13.97
Sumatera Utara,Karo,418705,2206.88,30462.81,1065,13.36
Sumatera Utara,Kota Binjai,312628,93.77,16644.36,758,14.215
Sumatera Utara,Gunungsitoli,138184,208.68,7647.11,268,14.085
Sumatera Utara,Kota Medan,2539829,279.29,353289.26,6794,14.825
Sumatera Utara,Padangsidimpuan,231266,159.3,9132.34,572,13.5903703703704
Sumatera Utara,Pematangsiantar,278325,75.92,18451.1,794,13.5903703703704
Sumatera Utara,Sibolga,99747,11.47,7575,160,13.45
Sumatera Utara,Kota Tanjungbalai,186150,60.07,13141.28,364,13.085
Sumatera Utara,Tebingtinggi,182226,39.17,8265.04,501,13.12
Sumatera Utara,Labuhanbatu,511704,2772.38,54829.28,1163,13.5903703703704
Sumatera Utara,Labuhanbatu Selatan,330008,3079.61,46170.5,780,13.5903703703704
Sumatera Utara,Labuhanbatu Utara,398860,3686.01,39677.85,850,13.5903703703704
Sumatera Utara,Langkat,1109248,6140.04,68152.02,2662,13.42
Sumatera Utara,Mandailing Natal,498720,6547.26,22043.92,934,13.985
Sumatera Utara,Nias,147614,902.4,5668.82,137,13.14
Sumatera Utara,Nias Barat,97366,464.22,2671.71,112,13.195
Sumatera Utara,Nias Selatan,369370,2531.7,9629.63,401,13.06
Sumatera Utara,Nias Utara,153174,1238.06,5128.29,160,13.36
Sumatera Utara,Padang Lawas,268427,3914.41,20555.91,598,13.86
Sumatera Utara,Padang Lawas Utara,272273,3945.56,19536.99,432,13.68
Sumatera Utara,Pakpak Barat,57152,1365.61,1871.67,108,13.99
Sumatera Utara,Samosir,148123,1850.04,6509.11,370,13.96
Sumatera Utara,Serdang Bedagai,690722,1949.18,46220.2,1716,12.74
Sumatera Utara,Simalungun,1022570,4601.48,64810.17,2331,13.375
Sumatera Utara,Tapanuli Selatan,322377,4201.04,23638,575,14.105
Sumatera Utara,Tapanuli Tengah,367798,2307.68,14559.65,806,13.555
Sumatera Utara,Tapanuli Utara,329252,3895.6,12051.74,753,13.96
Sumatera Utara,Toba Samosir,219148,2291.62,10831.86,574,13.5903703703704
